customer_id,age,city,orders_last_30_days,avg_order_value,days_since_last_order,coupon_used_last_month,customer_support_calls,churn,risk_category,action,message
10001,56,0,19,1472,36,1,9,0,Low Risk,Thank You Message,"Hi Customer 10001, Thank you for being a valued Swiggy customer."
10002,46,3,3,1081,46,0,5,1,High Risk,20% Discount Coupon,"Hi Customer 10002, We miss you! Enjoy a 20% discount coupon on your next Swiggy order."
10003,32,0,9,1020,75,1,6,0,Low Risk,Thank You Message,"Hi Customer 10003, Thank you for being a valued Swiggy customer."
10004,25,1,2,821,36,1,2,0,Low Risk,Thank You Message,"Hi Customer 10004, Thank you for being a valued Swiggy customer."
10005,38,0,8,1284,48,0,6,0,Low Risk,Thank You Message,"Hi Customer 10005, Thank you for being a valued Swiggy customer."
10006,56,1,12,115,43,0,7,0,Low Risk,Thank You Message,"Hi Customer 10006, Thank you for being a valued Swiggy customer."
10007,36,0,17,592,55,0,9,0,Low Risk,Thank You Message,"Hi Customer 10007, Thank you for being a valued Swiggy customer."
10008,40,1,14,1231,27,0,5,0,Low Risk,Thank You Message,"Hi Customer 10008, Thank you for being a valued Swiggy customer."
10009,28,0,3,993,78,0,9,1,High Risk,20% Discount Coupon,"Hi Customer 10009, We miss you! Enjoy a 20% discount coupon on your next Swiggy order."
10010,28,2,14,410,5,1,8,0,Low Risk,Thank You Message,"Hi Customer 10010, Thank you for being a valued Swiggy customer."
10011,41,0,1,838,60,1,5,1,High Risk,20% Discount Coupon,"Hi Customer 10011, We miss you! Enjoy a 20% discount coupon on your next Swiggy order."
10012,53,0,14,1293,19,0,8,0,Low Risk,Thank You Message,"Hi Customer 10012, Thank you for being a valued Swiggy customer."
10013,57,2,7,645,77,0,3,0,Low Risk,Thank You Message,"Hi Customer 10013, Thank you for being a valued Swiggy customer."
10014,41,3,7,513,1,0,7,0,Low Risk,Thank You Message,"Hi Customer 10014, Thank you for being a valued Swiggy customer."
10015,20,3,16,350,72,1,3,0,Low Risk,Thank You Message,"Hi Customer 10015, Thank you for being a valued Swiggy customer."
10016,39,0,11,858,36,0,1,0,Low Risk,Thank You Message,"Hi Customer 10016, Thank you for being a valued Swiggy customer."
10017,19,2,18,1264,19,0,9,0,Low Risk,Thank You Message,"Hi Customer 10017, Thank you for being a valued Swiggy customer."
10018,41,0,9,1397,25,1,8,0,Low Risk,Thank You Message,"Hi Customer 10018, Thank you for being a valued Swiggy customer."
10019,47,1,8,1162,28,1,4,0,Low Risk,Thank You Message,"Hi Customer 10019, Thank you for being a valued Swiggy customer."
10020,55,1,4,913,0,0,3,0,Low Risk,Thank You Message,"Hi Customer 10020, Thank you for being a valued Swiggy customer."
10021,19,0,5,128,34,0,1,0,Low Risk,Thank You Message,"Hi Customer 10021, Thank you for being a valued Swiggy customer."
10022,38,3,19,1057,69,0,0,0,Low Risk,Thank You Message,"Hi Customer 10022, Thank you for being a valued Swiggy customer."
10023,50,3,1,576,58,1,6,1,High Risk,20% Discount Coupon,"Hi Customer 10023, We miss you! Enjoy a 20% discount coupon on your next Swiggy order."
10024,29,0,12,417,68,0,5,0,Low Risk,Thank You Message,"Hi Customer 10024, Thank you for being a valued Swiggy customer."
10025,39,0,5,344,32,0,1,0,Low Risk,Thank You Message,"Hi Customer 10025, Thank you for being a valued Swiggy customer."
10026,42,1,4,847,50,0,7,1,High Risk,20% Discount Coupon,"Hi Customer 10026, We miss you! Enjoy a 20% discount coupon on your next Swiggy order."
10027,44,3,0,796,77,1,3,1,High Risk,20% Discount Coupon,"Hi Customer 10027, We miss you! Enjoy a 20% discount coupon on your next Swiggy order."
10028,59,0,5,371,11,1,7,0,Low Risk,Thank You Message,"Hi Customer 10028, Thank you for being a valued Swiggy customer."
10029,45,1,5,1362,19,0,6,0,Low Risk,Thank You Message,"Hi Customer 10029, Thank you for being a valued Swiggy customer."
10030,33,3,15,476,52,0,4,0,Low Risk,Thank You Message,"Hi Customer 10030, Thank you for being a valued Swiggy customer."
10031,32,2,3,365,87,1,9,1,High Risk,20% Discount Coupon,"Hi Customer 10031, We miss you! Enjoy a 20% discount coupon on your next Swiggy order."
10032,20,1,10,1025,42,1,9,0,Low Risk,Thank You Message,"Hi Customer 10032, Thank you for being a valued Swiggy customer."
10033,54,3,8,1020,88,1,7,0,Low Risk,Thank You Message,"Hi Customer 10033, Thank you for being a valued Swiggy customer."
10034,24,3,2,1482,49,1,8,1,High Risk,20% Discount Coupon,"Hi Customer 10034, We miss you! Enjoy a 20% discount coupon on your next Swiggy order."
10035,38,1,18,439,28,1,4,0,Low Risk,Thank You Message,"Hi Customer 10035, Thank you for being a valued Swiggy customer."
10036,26,2,7,488,56,1,9,0,Low Risk,Thank You Message,"Hi Customer 10036, Thank you for being a valued Swiggy customer."
10037,56,1,4,676,38,1,4,0,Low Risk,Thank You Message,"Hi Customer 10037, Thank you for being a valued Swiggy customer."
10038,35,3,3,102,55,1,1,1,High Risk,20% Discount Coupon,"Hi Customer 10038, We miss you! Enjoy a 20% discount coupon on your next Swiggy order."
10039,21,0,5,1265,42,1,4,0,Low Risk,Thank You Message,"Hi Customer 10039, Thank you for being a valued Swiggy customer."
10040,42,0,1,475,49,0,2,1,High Risk,20% Discount Coupon,"Hi Customer 10040, We miss you! Enjoy a 20% discount coupon on your next Swiggy order."
10041,31,1,19,423,22,0,6,0,Low Risk,Thank You Message,"Hi Customer 10041, Thank you for being a valued Swiggy customer."
10042,26,3,10,245,43,0,9,0,Low Risk,Thank You Message,"Hi Customer 10042, Thank you for being a valued Swiggy customer."
10043,43,0,3,392,37,1,4,0,Low Risk,Thank You Message,"Hi Customer 10043, Thank you for being a valued Swiggy customer."
10044,19,3,14,531,83,0,7,0,Low Risk,Thank You Message,"Hi Customer 10044, Thank you for being a valued Swiggy customer."
10045,37,1,5,804,22,1,0,0,Low Risk,Thank You Message,"Hi Customer 10045, Thank you for being a valued Swiggy customer."
10046,45,0,16,1048,44,1,2,0,Low Risk,Thank You Message,"Hi Customer 10046, Thank you for being a valued Swiggy customer."
10047,24,3,5,684,51,0,2,0,Low Risk,Thank You Message,"Hi Customer 10047, Thank you for being a valued Swiggy customer."
10048,25,0,18,498,79,1,8,0,Low Risk,Thank You Message,"Hi Customer 10048, Thank you for being a valued Swiggy customer."
10049,52,1,1,916,49,0,4,1,High Risk,20% Discount Coupon,"Hi Customer 10049, We miss you! Enjoy a 20% discount coupon on your next Swiggy order."
10050,31,3,14,1467,7,0,8,0,Low Risk,Thank You Message,"Hi Customer 10050, Thank you for being a valued Swiggy customer."
10051,34,0,10,1063,84,0,8,0,Low Risk,Thank You Message,"Hi Customer 10051, Thank you for being a valued Swiggy customer."
10052,53,1,7,1263,0,1,0,0,Low Risk,Thank You Message,"Hi Customer 10052, Thank you for being a valued Swiggy customer."
10053,57,0,18,286,7,0,1,0,Low Risk,Thank You Message,"Hi Customer 10053, Thank you for being a valued Swiggy customer."
10054,21,0,12,160,28,1,4,0,Low Risk,Thank You Message,"Hi Customer 10054, Thank you for being a valued Swiggy customer."
10055,19,2,11,1038,4,0,3,0,Low Risk,Thank You Message,"Hi Customer 10055, Thank you for being a valued Swiggy customer."
10056,23,2,4,809,85,0,9,1,High Risk,20% Discount Coupon,"Hi Customer 10056, We miss you! Enjoy a 20% discount coupon on your next Swiggy order."
10057,59,1,5,906,46,0,8,0,Low Risk,Thank You Message,"Hi Customer 10057, Thank you for being a valued Swiggy customer."
10058,21,2,3,1442,33,1,6,0,Low Risk,Thank You Message,"Hi Customer 10058, Thank you for being a valued Swiggy customer."
10059,46,1,18,1425,64,1,5,0,Low Risk,Thank You Message,"Hi Customer 10059, Thank you for being a valued Swiggy customer."
10060,35,2,19,1467,54,1,6,0,Low Risk,Thank You Message,"Hi Customer 10060, Thank you for being a valued Swiggy customer."
10061,43,0,0,110,89,0,0,1,High Risk,20% Discount Coupon,"Hi Customer 10061, We miss you! Enjoy a 20% discount coupon on your next Swiggy order."
10062,51,1,19,1185,42,0,0,0,Low Risk,Thank You Message,"Hi Customer 10062, Thank you for being a valued Swiggy customer."
10063,27,1,16,325,73,1,7,0,Low Risk,Thank You Message,"Hi Customer 10063, Thank you for being a valued Swiggy customer."
10064,53,0,11,1276,29,1,1,0,Low Risk,Thank You Message,"Hi Customer 10064, Thank you for being a valued Swiggy customer."
10065,31,1,14,663,81,1,9,0,Low Risk,Thank You Message,"Hi Customer 10065, Thank you for being a valued Swiggy customer."
10066,48,1,0,871,16,1,8,0,Low Risk,Thank You Message,"Hi Customer 10066, Thank you for being a valued Swiggy customer."
10067,32,2,13,1433,25,1,6,0,Low Risk,Thank You Message,"Hi Customer 10067, Thank you for being a valued Swiggy customer."
10068,25,1,5,984,7,1,5,0,Low Risk,Thank You Message,"Hi Customer 10068, Thank you for being a valued Swiggy customer."
10069,31,3,4,1366,46,0,0,1,High Risk,20% Discount Coupon,"Hi Customer 10069, We miss you! Enjoy a 20% discount coupon on your next Swiggy order."
10070,40,0,10,1489,75,1,0,0,Low Risk,Thank You Message,"Hi Customer 10070, Thank you for being a valued Swiggy customer."
10071,57,2,3,1453,71,0,1,1,High Risk,20% Discount Coupon,"Hi Customer 10071, We miss you! Enjoy a 20% discount coupon on your next Swiggy order."
10072,38,2,12,1230,88,0,5,0,Low Risk,Thank You Message,"Hi Customer 10072, Thank you for being a valued Swiggy customer."
10073,33,3,10,325,45,1,5,0,Low Risk,Thank You Message,"Hi Customer 10073, Thank you for being a valued Swiggy customer."
10074,35,0,2,924,67,1,1,1,High Risk,20% Discount Coupon,"Hi Customer 10074, We miss you! Enjoy a 20% discount coupon on your next Swiggy order."
10075,41,0,0,317,32,0,0,0,Low Risk,Thank You Message,"Hi Customer 10075, Thank you for being a valued Swiggy customer."
10076,43,2,5,1036,0,1,9,0,Low Risk,Thank You Message,"Hi Customer 10076, Thank you for being a valued Swiggy customer."
10077,42,1,17,852,18,1,4,0,Low Risk,Thank You Message,"Hi Customer 10077, Thank you for being a valued Swiggy customer."
10078,58,2,9,605,30,0,4,0,Low Risk,Thank You Message,"Hi Customer 10078, Thank you for being a valued Swiggy customer."
10079,46,0,4,358,79,0,1,1,High Risk,20% Discount Coupon,"Hi Customer 10079, We miss you! Enjoy a 20% discount coupon on your next Swiggy order."
10080,32,3,9,153,13,0,5,0,Low Risk,Thank You Message,"Hi Customer 10080, Thank you for being a valued Swiggy customer."
10081,18,2,11,1170,52,1,8,0,Low Risk,Thank You Message,"Hi Customer 10081, Thank you for being a valued Swiggy customer."
10082,42,0,1,826,47,0,1,1,High Risk,20% Discount Coupon,"Hi Customer 10082, We miss you! Enjoy a 20% discount coupon on your next Swiggy order."
10083,24,2,12,788,68,1,9,0,Low Risk,Thank You Message,"Hi Customer 10083, Thank you for being a valued Swiggy customer."
10084,26,1,7,1222,89,0,1,0,Low Risk,Thank You Message,"Hi Customer 10084, Thank you for being a valued Swiggy customer."
10085,41,2,1,1143,61,0,2,1,High Risk,20% Discount Coupon,"Hi Customer 10085, We miss you! Enjoy a 20% discount coupon on your next Swiggy order."
10086,18,2,19,518,65,0,6,0,Low Risk,Thank You Message,"Hi Customer 10086, Thank you for being a valued Swiggy customer."
10087,25,0,0,789,63,1,5,1,High Risk,20% Discount Coupon,"Hi Customer 10087, We miss you! Enjoy a 20% discount coupon on your next Swiggy order."
10088,41,0,4,949,69,1,7,1,High Risk,20% Discount Coupon,"Hi Customer 10088, We miss you! Enjoy a 20% discount coupon on your next Swiggy order."
10089,28,0,8,161,62,0,7,0,Low Risk,Thank You Message,"Hi Customer 10089, Thank you for being a valued Swiggy customer."
10090,34,2,16,1268,72,0,5,0,Low Risk,Thank You Message,"Hi Customer 10090, Thank you for being a valued Swiggy customer."
10091,25,1,8,315,32,0,9,0,Low Risk,Thank You Message,"Hi Customer 10091, Thank you for being a valued Swiggy customer."
10092,52,3,10,102,40,1,2,0,Low Risk,Thank You Message,"Hi Customer 10092, Thank you for being a valued Swiggy customer."
10093,52,3,14,259,88,0,2,0,Low Risk,Thank You Message,"Hi Customer 10093, Thank you for being a valued Swiggy customer."
10094,50,0,5,880,47,1,0,0,Low Risk,Thank You Message,"Hi Customer 10094, Thank you for being a valued Swiggy customer."
10095,22,0,2,1243,12,0,6,0,Low Risk,Thank You Message,"Hi Customer 10095, Thank you for being a valued Swiggy customer."
10096,59,2,16,992,72,0,4,0,Low Risk,Thank You Message,"Hi Customer 10096, Thank you for being a valued Swiggy customer."
10097,56,3,4,1212,76,0,3,1,High Risk,20% Discount Coupon,"Hi Customer 10097, We miss you! Enjoy a 20% discount coupon on your next Swiggy order."
10098,58,0,11,428,30,0,9,0,Low Risk,Thank You Message,"Hi Customer 10098, Thank you for being a valued Swiggy customer."
10099,45,1,17,679,74,0,3,0,Low Risk,Thank You Message,"Hi Customer 10099, Thank you for being a valued Swiggy customer."
10100,24,1,13,1480,67,0,3,0,Low Risk,Thank You Message,"Hi Customer 10100, Thank you for being a valued Swiggy customer."
10101,26,0,10,1390,3,1,5,0,Low Risk,Thank You Message,"Hi Customer 10101, Thank you for being a valued Swiggy customer."
10102,25,0,8,1051,18,0,7,0,Low Risk,Thank You Message,"Hi Customer 10102, Thank you for being a valued Swiggy customer."
10103,29,3,1,1446,69,1,7,1,High Risk,20% Discount Coupon,"Hi Customer 10103, We miss you! Enjoy a 20% discount coupon on your next Swiggy order."
10104,51,3,11,734,81,0,4,0,Low Risk,Thank You Message,"Hi Customer 10104, Thank you for being a valued Swiggy customer."
10105,50,2,2,1087,12,0,5,0,Low Risk,Thank You Message,"Hi Customer 10105, Thank you for being a valued Swiggy customer."
10106,40,3,2,1318,22,1,3,0,Low Risk,Thank You Message,"Hi Customer 10106, Thank you for being a valued Swiggy customer."
10107,41,1,0,1020,82,0,8,1,High Risk,20% Discount Coupon,"Hi Customer 10107, We miss you! Enjoy a 20% discount coupon on your next Swiggy order."
10108,54,1,7,837,74,1,7,0,Low Risk,Thank You Message,"Hi Customer 10108, Thank you for being a valued Swiggy customer."
10109,52,0,7,1455,0,1,9,0,Low Risk,Thank You Message,"Hi Customer 10109, Thank you for being a valued Swiggy customer."
10110,57,3,10,269,87,0,9,0,Low Risk,Thank You Message,"Hi Customer 10110, Thank you for being a valued Swiggy customer."
10111,39,2,8,620,53,1,0,0,Low Risk,Thank You Message,"Hi Customer 10111, Thank you for being a valued Swiggy customer."
10112,44,1,4,139,70,1,1,1,High Risk,20% Discount Coupon,"Hi Customer 10112, We miss you! Enjoy a 20% discount coupon on your next Swiggy order."
10113,52,1,13,1384,88,0,8,0,Low Risk,Thank You Message,"Hi Customer 10113, Thank you for being a valued Swiggy customer."
10114,18,2,2,1054,84,1,7,1,High Risk,20% Discount Coupon,"Hi Customer 10114, We miss you! Enjoy a 20% discount coupon on your next Swiggy order."
10115,52,2,4,1349,14,0,2,0,Low Risk,Thank You Message,"Hi Customer 10115, Thank you for being a valued Swiggy customer."
10116,54,1,4,1083,64,0,7,1,High Risk,20% Discount Coupon,"Hi Customer 10116, We miss you! Enjoy a 20% discount coupon on your next Swiggy order."
10117,31,1,18,1247,75,0,0,0,Low Risk,Thank You Message,"Hi Customer 10117, Thank you for being a valued Swiggy customer."
10118,20,2,13,1074,70,0,9,0,Low Risk,Thank You Message,"Hi Customer 10118, Thank you for being a valued Swiggy customer."
10119,18,1,3,137,14,1,3,0,Low Risk,Thank You Message,"Hi Customer 10119, Thank you for being a valued Swiggy customer."
10120,22,0,12,427,20,0,2,0,Low Risk,Thank You Message,"Hi Customer 10120, Thank you for being a valued Swiggy customer."
10121,43,0,9,1374,18,0,5,0,Low Risk,Thank You Message,"Hi Customer 10121, Thank you for being a valued Swiggy customer."
10122,31,2,17,1299,59,1,6,0,Low Risk,Thank You Message,"Hi Customer 10122, Thank you for being a valued Swiggy customer."
10123,56,3,7,1013,88,0,3,0,Low Risk,Thank You Message,"Hi Customer 10123, Thank you for being a valued Swiggy customer."
10124,44,2,7,553,32,0,6,0,Low Risk,Thank You Message,"Hi Customer 10124, Thank you for being a valued Swiggy customer."
10125,26,2,6,136,48,1,8,0,Low Risk,Thank You Message,"Hi Customer 10125, Thank you for being a valued Swiggy customer."
10126,32,3,7,1439,34,1,1,0,Low Risk,Thank You Message,"Hi Customer 10126, Thank you for being a valued Swiggy customer."
10127,32,3,13,1072,43,1,2,0,Low Risk,Thank You Message,"Hi Customer 10127, Thank you for being a valued Swiggy customer."
10128,43,3,18,895,89,1,4,0,Low Risk,Thank You Message,"Hi Customer 10128, Thank you for being a valued Swiggy customer."
10129,59,0,5,1072,10,1,2,0,Low Risk,Thank You Message,"Hi Customer 10129, Thank you for being a valued Swiggy customer."
10130,30,1,0,692,71,1,7,1,High Risk,20% Discount Coupon,"Hi Customer 10130, We miss you! Enjoy a 20% discount coupon on your next Swiggy order."
10131,49,0,14,1237,77,1,9,0,Low Risk,Thank You Message,"Hi Customer 10131, Thank you for being a valued Swiggy customer."
10132,56,1,0,1163,73,0,7,1,High Risk,20% Discount Coupon,"Hi Customer 10132, We miss you! Enjoy a 20% discount coupon on your next Swiggy order."
10133,49,0,16,1424,65,1,7,0,Low Risk,Thank You Message,"Hi Customer 10133, Thank you for being a valued Swiggy customer."
10134,21,1,0,323,45,1,8,0,Low Risk,Thank You Message,"Hi Customer 10134, Thank you for being a valued Swiggy customer."
10135,47,0,14,417,8,1,3,0,Low Risk,Thank You Message,"Hi Customer 10135, Thank you for being a valued Swiggy customer."
10136,54,3,1,448,2,0,4,0,Low Risk,Thank You Message,"Hi Customer 10136, Thank you for being a valued Swiggy customer."
10137,40,2,13,214,84,0,4,0,Low Risk,Thank You Message,"Hi Customer 10137, Thank you for being a valued Swiggy customer."
10138,56,0,7,797,25,1,7,0,Low Risk,Thank You Message,"Hi Customer 10138, Thank you for being a valued Swiggy customer."
10139,32,1,7,1446,71,1,6,0,Low Risk,Thank You Message,"Hi Customer 10139, Thank you for being a valued Swiggy customer."
10140,46,3,18,1163,47,1,8,0,Low Risk,Thank You Message,"Hi Customer 10140, Thank you for being a valued Swiggy customer."
10141,53,0,6,139,65,0,7,0,Low Risk,Thank You Message,"Hi Customer 10141, Thank you for being a valued Swiggy customer."
10142,30,0,18,1412,69,0,1,0,Low Risk,Thank You Message,"Hi Customer 10142, Thank you for being a valued Swiggy customer."
10143,49,3,5,1385,27,1,9,0,Low Risk,Thank You Message,"Hi Customer 10143, Thank you for being a valued Swiggy customer."
10144,24,0,5,315,25,0,3,0,Low Risk,Thank You Message,"Hi Customer 10144, Thank you for being a valued Swiggy customer."
10145,39,2,2,1270,24,1,5,0,Low Risk,Thank You Message,"Hi Customer 10145, Thank you for being a valued Swiggy customer."
10146,45,0,6,435,11,0,1,0,Low Risk,Thank You Message,"Hi Customer 10146, Thank you for being a valued Swiggy customer."
10147,19,2,18,1291,4,0,6,0,Low Risk,Thank You Message,"Hi Customer 10147, Thank you for being a valued Swiggy customer."
10148,59,2,7,191,47,1,2,0,Low Risk,Thank You Message,"Hi Customer 10148, Thank you for being a valued Swiggy customer."
10149,23,3,9,452,36,1,2,0,Low Risk,Thank You Message,"Hi Customer 10149, Thank you for being a valued Swiggy customer."
10150,45,0,19,670,78,1,1,0,Low Risk,Thank You Message,"Hi Customer 10150, Thank you for being a valued Swiggy customer."
10151,45,3,14,915,43,1,7,0,Low Risk,Thank You Message,"Hi Customer 10151, Thank you for being a valued Swiggy customer."
10152,37,0,14,880,14,0,5,0,Low Risk,Thank You Message,"Hi Customer 10152, Thank you for being a valued Swiggy customer."
10153,47,0,0,462,42,0,0,0,Low Risk,Thank You Message,"Hi Customer 10153, Thank you for being a valued Swiggy customer."
10154,28,1,19,656,47,0,0,0,Low Risk,Thank You Message,"Hi Customer 10154, Thank you for being a valued Swiggy customer."
10155,45,0,6,1468,86,1,6,0,Low Risk,Thank You Message,"Hi Customer 10155, Thank you for being a valued Swiggy customer."
10156,42,3,3,1293,69,0,7,1,High Risk,20% Discount Coupon,"Hi Customer 10156, We miss you! Enjoy a 20% discount coupon on your next Swiggy order."
10157,56,2,5,455,45,1,4,0,Low Risk,Thank You Message,"Hi Customer 10157, Thank you for being a valued Swiggy customer."
10158,50,0,0,290,42,0,4,0,Low Risk,Thank You Message,"Hi Customer 10158, Thank you for being a valued Swiggy customer."
10159,18,1,4,521,20,1,3,0,Low Risk,Thank You Message,"Hi Customer 10159, Thank you for being a valued Swiggy customer."
10160,44,3,0,799,22,1,5,0,Low Risk,Thank You Message,"Hi Customer 10160, Thank you for being a valued Swiggy customer."
10161,30,0,3,106,79,0,5,1,High Risk,20% Discount Coupon,"Hi Customer 10161, We miss you! Enjoy a 20% discount coupon on your next Swiggy order."
10162,58,3,1,232,46,1,2,1,High Risk,20% Discount Coupon,"Hi Customer 10162, We miss you! Enjoy a 20% discount coupon on your next Swiggy order."
10163,20,1,9,656,14,1,8,0,Low Risk,Thank You Message,"Hi Customer 10163, Thank you for being a valued Swiggy customer."
10164,56,1,4,925,24,0,6,0,Low Risk,Thank You Message,"Hi Customer 10164, Thank you for being a valued Swiggy customer."
10165,23,3,9,860,35,1,0,0,Low Risk,Thank You Message,"Hi Customer 10165, Thank you for being a valued Swiggy customer."
10166,25,0,0,1154,74,1,6,1,High Risk,20% Discount Coupon,"Hi Customer 10166, We miss you! Enjoy a 20% discount coupon on your next Swiggy order."
10167,44,2,5,634,50,1,4,0,Low Risk,Thank You Message,"Hi Customer 10167, Thank you for being a valued Swiggy customer."
10168,26,1,12,525,14,0,4,0,Low Risk,Thank You Message,"Hi Customer 10168, Thank you for being a valued Swiggy customer."
10169,54,0,14,771,67,0,1,0,Low Risk,Thank You Message,"Hi Customer 10169, Thank you for being a valued Swiggy customer."
10170,50,0,3,462,20,1,3,0,Low Risk,Thank You Message,"Hi Customer 10170, Thank you for being a valued Swiggy customer."
10171,59,2,12,181,12,0,5,0,Low Risk,Thank You Message,"Hi Customer 10171, Thank you for being a valued Swiggy customer."
10172,41,1,19,455,85,1,9,0,Low Risk,Thank You Message,"Hi Customer 10172, Thank you for being a valued Swiggy customer."
10173,32,1,14,1381,18,1,6,0,Low Risk,Thank You Message,"Hi Customer 10173, Thank you for being a valued Swiggy customer."
10174,49,0,7,688,33,1,4,0,Low Risk,Thank You Message,"Hi Customer 10174, Thank you for being a valued Swiggy customer."
10175,49,0,4,394,77,1,8,1,High Risk,20% Discount Coupon,"Hi Customer 10175, We miss you! Enjoy a 20% discount coupon on your next Swiggy order."
10176,41,2,14,1347,67,1,2,0,Low Risk,Thank You Message,"Hi Customer 10176, Thank you for being a valued Swiggy customer."
10177,58,2,3,1169,51,0,0,1,High Risk,20% Discount Coupon,"Hi Customer 10177, We miss you! Enjoy a 20% discount coupon on your next Swiggy order."
10178,29,1,11,1236,26,1,3,0,Low Risk,Thank You Message,"Hi Customer 10178, Thank you for being a valued Swiggy customer."
10179,56,3,12,1356,28,0,8,0,Low Risk,Thank You Message,"Hi Customer 10179, Thank you for being a valued Swiggy customer."
10180,19,1,1,116,27,0,3,0,Low Risk,Thank You Message,"Hi Customer 10180, Thank you for being a valued Swiggy customer."
10181,20,0,18,459,34,1,1,0,Low Risk,Thank You Message,"Hi Customer 10181, Thank you for being a valued Swiggy customer."
10182,54,1,18,1346,7,1,9,0,Low Risk,Thank You Message,"Hi Customer 10182, Thank you for being a valued Swiggy customer."
10183,34,3,3,965,15,0,4,0,Low Risk,Thank You Message,"Hi Customer 10183, Thank you for being a valued Swiggy customer."
10184,19,2,3,799,35,0,2,0,Low Risk,Thank You Message,"Hi Customer 10184, Thank you for being a valued Swiggy customer."
10185,19,3,10,547,29,0,8,0,Low Risk,Thank You Message,"Hi Customer 10185, Thank you for being a valued Swiggy customer."
10186,45,3,4,955,17,1,3,0,Low Risk,Thank You Message,"Hi Customer 10186, Thank you for being a valued Swiggy customer."
10187,40,3,19,464,1,0,5,0,Low Risk,Thank You Message,"Hi Customer 10187, Thank you for being a valued Swiggy customer."
10188,54,2,10,774,48,1,1,0,Low Risk,Thank You Message,"Hi Customer 10188, Thank you for being a valued Swiggy customer."
10189,49,3,9,1107,76,1,5,0,Low Risk,Thank You Message,"Hi Customer 10189, Thank you for being a valued Swiggy customer."
10190,50,3,7,1449,3,1,2,0,Low Risk,Thank You Message,"Hi Customer 10190, Thank you for being a valued Swiggy customer."
10191,18,3,5,566,89,0,8,0,Low Risk,Thank You Message,"Hi Customer 10191, Thank you for being a valued Swiggy customer."
10192,36,0,5,513,88,1,1,0,Low Risk,Thank You Message,"Hi Customer 10192, Thank you for being a valued Swiggy customer."
10193,19,3,7,685,74,1,8,0,Low Risk,Thank You Message,"Hi Customer 10193, Thank you for being a valued Swiggy customer."
10194,43,2,14,1356,6,1,4,0,Low Risk,Thank You Message,"Hi Customer 10194, Thank you for being a valued Swiggy customer."
10195,49,3,13,1347,73,1,7,0,Low Risk,Thank You Message,"Hi Customer 10195, Thank you for being a valued Swiggy customer."
10196,23,3,10,1093,38,1,1,0,Low Risk,Thank You Message,"Hi Customer 10196, Thank you for being a valued Swiggy customer."
10197,49,2,11,671,12,0,5,0,Low Risk,Thank You Message,"Hi Customer 10197, Thank you for being a valued Swiggy customer."
10198,21,3,12,434,30,1,2,0,Low Risk,Thank You Message,"Hi Customer 10198, Thank you for being a valued Swiggy customer."
10199,28,2,7,1345,70,1,9,0,Low Risk,Thank You Message,"Hi Customer 10199, Thank you for being a valued Swiggy customer."
10200,34,3,17,136,62,0,4,0,Low Risk,Thank You Message,"Hi Customer 10200, Thank you for being a valued Swiggy customer."
10201,55,2,0,1088,55,1,7,1,High Risk,20% Discount Coupon,"Hi Customer 10201, We miss you! Enjoy a 20% discount coupon on your next Swiggy order."
10202,41,3,14,377,41,0,9,0,Low Risk,Thank You Message,"Hi Customer 10202, Thank you for being a valued Swiggy customer."
10203,22,3,7,1319,60,1,0,0,Low Risk,Thank You Message,"Hi Customer 10203, Thank you for being a valued Swiggy customer."
10204,51,0,10,1015,41,0,4,0,Low Risk,Thank You Message,"Hi Customer 10204, Thank you for being a valued Swiggy customer."
10205,23,0,11,583,55,0,2,0,Low Risk,Thank You Message,"Hi Customer 10205, Thank you for being a valued Swiggy customer."
10206,39,3,11,1365,35,1,3,0,Low Risk,Thank You Message,"Hi Customer 10206, Thank you for being a valued Swiggy customer."
10207,28,3,3,1447,83,1,1,1,High Risk,20% Discount Coupon,"Hi Customer 10207, We miss you! Enjoy a 20% discount coupon on your next Swiggy order."
10208,33,1,15,830,67,1,8,0,Low Risk,Thank You Message,"Hi Customer 10208, Thank you for being a valued Swiggy customer."
10209,50,2,3,291,6,0,2,0,Low Risk,Thank You Message,"Hi Customer 10209, Thank you for being a valued Swiggy customer."
10210,26,1,4,1140,53,0,1,1,High Risk,20% Discount Coupon,"Hi Customer 10210, We miss you! Enjoy a 20% discount coupon on your next Swiggy order."
10211,23,0,4,623,0,0,9,0,Low Risk,Thank You Message,"Hi Customer 10211, Thank you for being a valued Swiggy customer."
10212,33,0,7,1017,43,1,8,0,Low Risk,Thank You Message,"Hi Customer 10212, Thank you for being a valued Swiggy customer."
10213,46,0,9,500,44,0,6,0,Low Risk,Thank You Message,"Hi Customer 10213, Thank you for being a valued Swiggy customer."
10214,20,0,16,985,46,0,5,0,Low Risk,Thank You Message,"Hi Customer 10214, Thank you for being a valued Swiggy customer."
10215,37,3,8,804,12,1,0,0,Low Risk,Thank You Message,"Hi Customer 10215, Thank you for being a valued Swiggy customer."
10216,53,0,18,121,21,0,4,0,Low Risk,Thank You Message,"Hi Customer 10216, Thank you for being a valued Swiggy customer."
10217,36,3,13,573,20,0,2,0,Low Risk,Thank You Message,"Hi Customer 10217, Thank you for being a valued Swiggy customer."
10218,43,3,7,1243,85,1,0,0,Low Risk,Thank You Message,"Hi Customer 10218, Thank you for being a valued Swiggy customer."
10219,20,0,8,309,8,0,3,0,Low Risk,Thank You Message,"Hi Customer 10219, Thank you for being a valued Swiggy customer."
10220,36,0,10,405,25,1,1,0,Low Risk,Thank You Message,"Hi Customer 10220, Thank you for being a valued Swiggy customer."
10221,37,2,0,1393,8,1,1,0,Low Risk,Thank You Message,"Hi Customer 10221, Thank you for being a valued Swiggy customer."
10222,49,1,13,803,14,1,2,0,Low Risk,Thank You Message,"Hi Customer 10222, Thank you for being a valued Swiggy customer."
10223,24,0,4,786,9,1,7,0,Low Risk,Thank You Message,"Hi Customer 10223, Thank you for being a valued Swiggy customer."
10224,58,2,13,384,87,1,7,0,Low Risk,Thank You Message,"Hi Customer 10224, Thank you for being a valued Swiggy customer."
10225,50,2,3,815,41,0,6,0,Low Risk,Thank You Message,"Hi Customer 10225, Thank you for being a valued Swiggy customer."
10226,57,1,0,862,71,0,5,1,High Risk,20% Discount Coupon,"Hi Customer 10226, We miss you! Enjoy a 20% discount coupon on your next Swiggy order."
10227,56,3,18,1350,23,1,8,0,Low Risk,Thank You Message,"Hi Customer 10227, Thank you for being a valued Swiggy customer."
10228,35,0,7,1047,79,1,3,0,Low Risk,Thank You Message,"Hi Customer 10228, Thank you for being a valued Swiggy customer."
10229,57,1,14,480,48,0,0,0,Low Risk,Thank You Message,"Hi Customer 10229, Thank you for being a valued Swiggy customer."
10230,18,0,14,559,25,1,7,0,Low Risk,Thank You Message,"Hi Customer 10230, Thank you for being a valued Swiggy customer."
10231,28,2,8,1130,36,1,6,0,Low Risk,Thank You Message,"Hi Customer 10231, Thank you for being a valued Swiggy customer."
10232,45,2,8,128,67,1,6,0,Low Risk,Thank You Message,"Hi Customer 10232, Thank you for being a valued Swiggy customer."
10233,42,3,9,1006,49,0,2,0,Low Risk,Thank You Message,"Hi Customer 10233, Thank you for being a valued Swiggy customer."
10234,40,2,19,1156,23,0,3,0,Low Risk,Thank You Message,"Hi Customer 10234, Thank you for being a valued Swiggy customer."
10235,48,2,8,978,18,1,9,0,Low Risk,Thank You Message,"Hi Customer 10235, Thank you for being a valued Swiggy customer."
10236,47,1,2,178,59,1,8,1,High Risk,20% Discount Coupon,"Hi Customer 10236, We miss you! Enjoy a 20% discount coupon on your next Swiggy order."
10237,59,0,19,1046,38,0,5,0,Low Risk,Thank You Message,"Hi Customer 10237, Thank you for being a valued Swiggy customer."
10238,52,0,10,558,73,0,4,0,Low Risk,Thank You Message,"Hi Customer 10238, Thank you for being a valued Swiggy customer."
10239,24,1,5,669,88,1,2,0,Low Risk,Thank You Message,"Hi Customer 10239, Thank you for being a valued Swiggy customer."
10240,33,3,1,837,17,1,8,0,Low Risk,Thank You Message,"Hi Customer 10240, Thank you for being a valued Swiggy customer."
10241,43,0,6,1408,18,0,4,0,Low Risk,Thank You Message,"Hi Customer 10241, Thank you for being a valued Swiggy customer."
10242,19,2,17,615,35,0,4,0,Low Risk,Thank You Message,"Hi Customer 10242, Thank you for being a valued Swiggy customer."
10243,18,0,1,1222,73,0,3,1,High Risk,20% Discount Coupon,"Hi Customer 10243, We miss you! Enjoy a 20% discount coupon on your next Swiggy order."
10244,29,2,16,496,54,1,3,0,Low Risk,Thank You Message,"Hi Customer 10244, Thank you for being a valued Swiggy customer."
10245,22,3,10,138,68,0,0,0,Low Risk,Thank You Message,"Hi Customer 10245, Thank you for being a valued Swiggy customer."
10246,54,1,11,1394,46,1,6,0,Low Risk,Thank You Message,"Hi Customer 10246, Thank you for being a valued Swiggy customer."
10247,49,0,18,986,48,0,8,0,Low Risk,Thank You Message,"Hi Customer 10247, Thank you for being a valued Swiggy customer."
10248,26,1,6,896,32,0,2,0,Low Risk,Thank You Message,"Hi Customer 10248, Thank you for being a valued Swiggy customer."
10249,58,0,19,256,20,0,1,0,Low Risk,Thank You Message,"Hi Customer 10249, Thank you for being a valued Swiggy customer."
10250,52,2,5,1198,80,0,2,0,Low Risk,Thank You Message,"Hi Customer 10250, Thank you for being a valued Swiggy customer."
10251,36,1,0,983,21,1,0,0,Low Risk,Thank You Message,"Hi Customer 10251, Thank you for being a valued Swiggy customer."
10252,33,0,16,1253,47,1,5,0,Low Risk,Thank You Message,"Hi Customer 10252, Thank you for being a valued Swiggy customer."
10253,20,2,10,1073,36,0,6,0,Low Risk,Thank You Message,"Hi Customer 10253, Thank you for being a valued Swiggy customer."
10254,37,1,17,1207,14,1,1,0,Low Risk,Thank You Message,"Hi Customer 10254, Thank you for being a valued Swiggy customer."
10255,41,1,16,1145,34,0,7,0,Low Risk,Thank You Message,"Hi Customer 10255, Thank you for being a valued Swiggy customer."
10256,50,0,6,948,70,0,5,0,Low Risk,Thank You Message,"Hi Customer 10256, Thank you for being a valued Swiggy customer."
10257,41,0,16,847,31,0,3,0,Low Risk,Thank You Message,"Hi Customer 10257, Thank you for being a valued Swiggy customer."
10258,28,0,19,1088,10,0,4,0,Low Risk,Thank You Message,"Hi Customer 10258, Thank you for being a valued Swiggy customer."
10259,25,2,8,120,9,1,7,0,Low Risk,Thank You Message,"Hi Customer 10259, Thank you for being a valued Swiggy customer."
10260,53,0,16,402,72,0,2,0,Low Risk,Thank You Message,"Hi Customer 10260, Thank you for being a valued Swiggy customer."
10261,55,1,19,968,77,0,2,0,Low Risk,Thank You Message,"Hi Customer 10261, Thank you for being a valued Swiggy customer."
10262,57,1,7,183,76,1,3,0,Low Risk,Thank You Message,"Hi Customer 10262, Thank you for being a valued Swiggy customer."
10263,37,0,16,1380,56,0,0,0,Low Risk,Thank You Message,"Hi Customer 10263, Thank you for being a valued Swiggy customer."
10264,52,0,6,669,24,0,8,0,Low Risk,Thank You Message,"Hi Customer 10264, Thank you for being a valued Swiggy customer."
10265,42,3,0,1033,1,0,7,0,Low Risk,Thank You Message,"Hi Customer 10265, Thank you for being a valued Swiggy customer."
10266,52,1,12,1285,63,1,7,0,Low Risk,Thank You Message,"Hi Customer 10266, Thank you for being a valued Swiggy customer."
10267,42,2,18,1286,34,0,9,0,Low Risk,Thank You Message,"Hi Customer 10267, Thank you for being a valued Swiggy customer."
10268,46,3,18,1108,6,1,5,0,Low Risk,Thank You Message,"Hi Customer 10268, Thank you for being a valued Swiggy customer."
10269,35,0,16,892,84,0,6,0,Low Risk,Thank You Message,"Hi Customer 10269, Thank you for being a valued Swiggy customer."
10270,35,0,12,891,17,0,5,0,Low Risk,Thank You Message,"Hi Customer 10270, Thank you for being a valued Swiggy customer."
10271,19,1,15,1394,66,1,8,0,Low Risk,Thank You Message,"Hi Customer 10271, Thank you for being a valued Swiggy customer."
10272,52,0,7,591,41,0,2,0,Low Risk,Thank You Message,"Hi Customer 10272, Thank you for being a valued Swiggy customer."
10273,33,2,18,307,38,0,2,0,Low Risk,Thank You Message,"Hi Customer 10273, Thank you for being a valued Swiggy customer."
10274,58,1,17,1183,40,1,2,0,Low Risk,Thank You Message,"Hi Customer 10274, Thank you for being a valued Swiggy customer."
10275,53,0,0,529,74,1,9,1,High Risk,20% Discount Coupon,"Hi Customer 10275, We miss you! Enjoy a 20% discount coupon on your next Swiggy order."
10276,50,1,13,1084,23,1,2,0,Low Risk,Thank You Message,"Hi Customer 10276, Thank you for being a valued Swiggy customer."
10277,21,0,18,1432,59,1,8,0,Low Risk,Thank You Message,"Hi Customer 10277, Thank you for being a valued Swiggy customer."
10278,50,0,14,619,45,1,3,0,Low Risk,Thank You Message,"Hi Customer 10278, Thank you for being a valued Swiggy customer."
10279,31,0,17,690,18,0,6,0,Low Risk,Thank You Message,"Hi Customer 10279, Thank you for being a valued Swiggy customer."
10280,38,2,1,1150,67,1,8,1,High Risk,20% Discount Coupon,"Hi Customer 10280, We miss you! Enjoy a 20% discount coupon on your next Swiggy order."
10281,37,2,16,298,89,0,6,0,Low Risk,Thank You Message,"Hi Customer 10281, Thank you for being a valued Swiggy customer."
10282,25,1,17,486,41,0,8,0,Low Risk,Thank You Message,"Hi Customer 10282, Thank you for being a valued Swiggy customer."
10283,24,0,5,448,31,0,2,0,Low Risk,Thank You Message,"Hi Customer 10283, Thank you for being a valued Swiggy customer."
10284,20,0,18,1059,38,1,3,0,Low Risk,Thank You Message,"Hi Customer 10284, Thank you for being a valued Swiggy customer."
10285,34,2,3,792,35,1,7,0,Low Risk,Thank You Message,"Hi Customer 10285, Thank you for being a valued Swiggy customer."
10286,50,0,0,477,35,0,5,0,Low Risk,Thank You Message,"Hi Customer 10286, Thank you for being a valued Swiggy customer."
10287,29,2,7,998,2,1,4,0,Low Risk,Thank You Message,"Hi Customer 10287, Thank you for being a valued Swiggy customer."
10288,39,0,6,1015,72,1,3,0,Low Risk,Thank You Message,"Hi Customer 10288, Thank you for being a valued Swiggy customer."
10289,39,1,2,626,7,1,7,0,Low Risk,Thank You Message,"Hi Customer 10289, Thank you for being a valued Swiggy customer."
10290,47,0,9,1276,69,1,0,0,Low Risk,Thank You Message,"Hi Customer 10290, Thank you for being a valued Swiggy customer."
10291,55,0,9,833,40,0,8,0,Low Risk,Thank You Message,"Hi Customer 10291, Thank you for being a valued Swiggy customer."
10292,55,3,18,305,67,0,0,0,Low Risk,Thank You Message,"Hi Customer 10292, Thank you for being a valued Swiggy customer."
10293,25,2,13,554,12,1,7,0,Low Risk,Thank You Message,"Hi Customer 10293, Thank you for being a valued Swiggy customer."
10294,44,0,1,1396,48,0,3,1,High Risk,20% Discount Coupon,"Hi Customer 10294, We miss you! Enjoy a 20% discount coupon on your next Swiggy order."
10295,44,0,0,1359,59,1,8,1,High Risk,20% Discount Coupon,"Hi Customer 10295, We miss you! Enjoy a 20% discount coupon on your next Swiggy order."
10296,51,3,17,620,1,1,4,0,Low Risk,Thank You Message,"Hi Customer 10296, Thank you for being a valued Swiggy customer."
10297,38,3,6,1116,59,0,2,0,Low Risk,Thank You Message,"Hi Customer 10297, Thank you for being a valued Swiggy customer."
10298,47,2,7,1055,4,0,8,0,Low Risk,Thank You Message,"Hi Customer 10298, Thank you for being a valued Swiggy customer."
10299,50,3,0,825,43,0,8,0,Low Risk,Thank You Message,"Hi Customer 10299, Thank you for being a valued Swiggy customer."
10300,45,1,2,1113,26,1,3,0,Low Risk,Thank You Message,"Hi Customer 10300, Thank you for being a valued Swiggy customer."
10301,50,3,7,600,31,0,3,0,Low Risk,Thank You Message,"Hi Customer 10301, Thank you for being a valued Swiggy customer."
10302,22,1,14,216,20,1,7,0,Low Risk,Thank You Message,"Hi Customer 10302, Thank you for being a valued Swiggy customer."
10303,36,2,4,485,7,0,1,0,Low Risk,Thank You Message,"Hi Customer 10303, Thank you for being a valued Swiggy customer."
10304,21,2,2,1467,71,0,8,1,High Risk,20% Discount Coupon,"Hi Customer 10304, We miss you! Enjoy a 20% discount coupon on your next Swiggy order."
10305,52,2,18,683,49,1,5,0,Low Risk,Thank You Message,"Hi Customer 10305, Thank you for being a valued Swiggy customer."
10306,34,2,0,494,66,1,8,1,High Risk,20% Discount Coupon,"Hi Customer 10306, We miss you! Enjoy a 20% discount coupon on your next Swiggy order."
10307,45,2,14,1187,43,1,7,0,Low Risk,Thank You Message,"Hi Customer 10307, Thank you for being a valued Swiggy customer."
10308,47,1,7,820,57,1,6,0,Low Risk,Thank You Message,"Hi Customer 10308, Thank you for being a valued Swiggy customer."
10309,46,1,1,171,2,1,0,0,Low Risk,Thank You Message,"Hi Customer 10309, Thank you for being a valued Swiggy customer."
10310,23,2,2,373,85,1,2,1,High Risk,20% Discount Coupon,"Hi Customer 10310, We miss you! Enjoy a 20% discount coupon on your next Swiggy order."
10311,52,3,13,1443,69,1,1,0,Low Risk,Thank You Message,"Hi Customer 10311, Thank you for being a valued Swiggy customer."
10312,58,0,13,437,1,1,4,0,Low Risk,Thank You Message,"Hi Customer 10312, Thank you for being a valued Swiggy customer."
10313,54,2,10,1489,86,0,4,0,Low Risk,Thank You Message,"Hi Customer 10313, Thank you for being a valued Swiggy customer."
10314,41,3,15,706,43,1,4,0,Low Risk,Thank You Message,"Hi Customer 10314, Thank you for being a valued Swiggy customer."
10315,46,0,3,265,1,1,3,0,Low Risk,Thank You Message,"Hi Customer 10315, Thank you for being a valued Swiggy customer."
10316,48,2,19,110,80,0,4,0,Low Risk,Thank You Message,"Hi Customer 10316, Thank you for being a valued Swiggy customer."
10317,52,2,4,1424,34,1,2,0,Low Risk,Thank You Message,"Hi Customer 10317, Thank you for being a valued Swiggy customer."
10318,50,1,13,828,86,0,0,0,Low Risk,Thank You Message,"Hi Customer 10318, Thank you for being a valued Swiggy customer."
10319,38,0,15,900,29,0,4,0,Low Risk,Thank You Message,"Hi Customer 10319, Thank you for being a valued Swiggy customer."
10320,49,0,17,201,7,1,8,0,Low Risk,Thank You Message,"Hi Customer 10320, Thank you for being a valued Swiggy customer."
10321,40,3,6,878,21,0,8,0,Low Risk,Thank You Message,"Hi Customer 10321, Thank you for being a valued Swiggy customer."
10322,50,1,9,313,43,1,3,0,Low Risk,Thank You Message,"Hi Customer 10322, Thank you for being a valued Swiggy customer."
10323,20,1,6,1211,57,0,2,0,Low Risk,Thank You Message,"Hi Customer 10323, Thank you for being a valued Swiggy customer."
10324,35,1,0,500,35,0,0,0,Low Risk,Thank You Message,"Hi Customer 10324, Thank you for being a valued Swiggy customer."
10325,42,1,18,687,68,0,1,0,Low Risk,Thank You Message,"Hi Customer 10325, Thank you for being a valued Swiggy customer."
10326,59,0,15,988,76,1,7,0,Low Risk,Thank You Message,"Hi Customer 10326, Thank you for being a valued Swiggy customer."
10327,48,0,18,1169,30,1,0,0,Low Risk,Thank You Message,"Hi Customer 10327, Thank you for being a valued Swiggy customer."
10328,20,2,3,691,46,0,7,1,High Risk,20% Discount Coupon,"Hi Customer 10328, We miss you! Enjoy a 20% discount coupon on your next Swiggy order."
10329,57,2,17,1433,54,0,6,0,Low Risk,Thank You Message,"Hi Customer 10329, Thank you for being a valued Swiggy customer."
10330,41,1,1,1209,79,1,7,1,High Risk,20% Discount Coupon,"Hi Customer 10330, We miss you! Enjoy a 20% discount coupon on your next Swiggy order."
10331,49,1,0,191,61,1,5,1,High Risk,20% Discount Coupon,"Hi Customer 10331, We miss you! Enjoy a 20% discount coupon on your next Swiggy order."
10332,39,1,14,772,29,0,8,0,Low Risk,Thank You Message,"Hi Customer 10332, Thank you for being a valued Swiggy customer."
10333,40,2,4,813,54,0,2,1,High Risk,20% Discount Coupon,"Hi Customer 10333, We miss you! Enjoy a 20% discount coupon on your next Swiggy order."
10334,19,3,19,1035,15,1,9,0,Low Risk,Thank You Message,"Hi Customer 10334, Thank you for being a valued Swiggy customer."
10335,44,3,10,341,11,1,3,0,Low Risk,Thank You Message,"Hi Customer 10335, Thank you for being a valued Swiggy customer."
10336,59,2,9,101,16,1,5,0,Low Risk,Thank You Message,"Hi Customer 10336, Thank you for being a valued Swiggy customer."
10337,19,2,1,324,15,1,7,0,Low Risk,Thank You Message,"Hi Customer 10337, Thank you for being a valued Swiggy customer."
10338,43,2,2,900,11,1,4,0,Low Risk,Thank You Message,"Hi Customer 10338, Thank you for being a valued Swiggy customer."
10339,34,2,11,688,7,0,2,0,Low Risk,Thank You Message,"Hi Customer 10339, Thank you for being a valued Swiggy customer."
10340,57,2,19,215,83,1,5,0,Low Risk,Thank You Message,"Hi Customer 10340, Thank you for being a valued Swiggy customer."
10341,50,2,4,1017,2,0,3,0,Low Risk,Thank You Message,"Hi Customer 10341, Thank you for being a valued Swiggy customer."
10342,26,1,4,1226,15,1,8,0,Low Risk,Thank You Message,"Hi Customer 10342, Thank you for being a valued Swiggy customer."
10343,56,1,5,293,29,0,2,0,Low Risk,Thank You Message,"Hi Customer 10343, Thank you for being a valued Swiggy customer."
10344,46,1,8,1289,22,1,3,0,Low Risk,Thank You Message,"Hi Customer 10344, Thank you for being a valued Swiggy customer."
10345,59,1,1,970,4,1,6,0,Low Risk,Thank You Message,"Hi Customer 10345, Thank you for being a valued Swiggy customer."
10346,43,2,11,189,83,0,6,0,Low Risk,Thank You Message,"Hi Customer 10346, Thank you for being a valued Swiggy customer."
10347,52,3,2,221,64,0,3,1,High Risk,20% Discount Coupon,"Hi Customer 10347, We miss you! Enjoy a 20% discount coupon on your next Swiggy order."
10348,42,0,19,242,29,1,5,0,Low Risk,Thank You Message,"Hi Customer 10348, Thank you for being a valued Swiggy customer."
10349,41,2,11,1093,20,1,2,0,Low Risk,Thank You Message,"Hi Customer 10349, Thank you for being a valued Swiggy customer."
10350,30,0,16,205,83,1,5,0,Low Risk,Thank You Message,"Hi Customer 10350, Thank you for being a valued Swiggy customer."
10351,24,3,9,986,69,1,1,0,Low Risk,Thank You Message,"Hi Customer 10351, Thank you for being a valued Swiggy customer."
10352,53,1,13,527,21,1,7,0,Low Risk,Thank You Message,"Hi Customer 10352, Thank you for being a valued Swiggy customer."
10353,37,3,16,1428,81,0,1,0,Low Risk,Thank You Message,"Hi Customer 10353, Thank you for being a valued Swiggy customer."
10354,18,2,17,416,71,0,6,0,Low Risk,Thank You Message,"Hi Customer 10354, Thank you for being a valued Swiggy customer."
10355,25,1,18,734,31,1,8,0,Low Risk,Thank You Message,"Hi Customer 10355, Thank you for being a valued Swiggy customer."
10356,33,2,16,108,32,0,0,0,Low Risk,Thank You Message,"Hi Customer 10356, Thank you for being a valued Swiggy customer."
10357,31,1,13,873,15,0,7,0,Low Risk,Thank You Message,"Hi Customer 10357, Thank you for being a valued Swiggy customer."
10358,29,0,8,1196,75,0,6,0,Low Risk,Thank You Message,"Hi Customer 10358, Thank you for being a valued Swiggy customer."
10359,40,0,7,1482,37,1,5,0,Low Risk,Thank You Message,"Hi Customer 10359, Thank you for being a valued Swiggy customer."
10360,32,0,1,322,13,0,5,0,Low Risk,Thank You Message,"Hi Customer 10360, Thank you for being a valued Swiggy customer."
10361,45,3,12,652,35,1,5,0,Low Risk,Thank You Message,"Hi Customer 10361, Thank you for being a valued Swiggy customer."
10362,51,2,6,1493,22,0,8,0,Low Risk,Thank You Message,"Hi Customer 10362, Thank you for being a valued Swiggy customer."
10363,19,3,8,815,65,1,1,0,Low Risk,Thank You Message,"Hi Customer 10363, Thank you for being a valued Swiggy customer."
10364,49,0,10,1387,84,0,0,0,Low Risk,Thank You Message,"Hi Customer 10364, Thank you for being a valued Swiggy customer."
10365,40,2,13,1441,1,1,5,0,Low Risk,Thank You Message,"Hi Customer 10365, Thank you for being a valued Swiggy customer."
10366,39,0,3,1207,72,1,9,1,High Risk,20% Discount Coupon,"Hi Customer 10366, We miss you! Enjoy a 20% discount coupon on your next Swiggy order."
10367,42,3,12,1441,64,0,7,0,Low Risk,Thank You Message,"Hi Customer 10367, Thank you for being a valued Swiggy customer."
10368,39,3,1,210,74,1,2,1,High Risk,20% Discount Coupon,"Hi Customer 10368, We miss you! Enjoy a 20% discount coupon on your next Swiggy order."
10369,39,3,4,350,66,1,9,1,High Risk,20% Discount Coupon,"Hi Customer 10369, We miss you! Enjoy a 20% discount coupon on your next Swiggy order."
10370,59,0,10,482,51,1,0,0,Low Risk,Thank You Message,"Hi Customer 10370, Thank you for being a valued Swiggy customer."
10371,23,2,5,106,61,1,8,0,Low Risk,Thank You Message,"Hi Customer 10371, Thank you for being a valued Swiggy customer."
10372,32,2,17,558,22,1,0,0,Low Risk,Thank You Message,"Hi Customer 10372, Thank you for being a valued Swiggy customer."
10373,54,0,9,1207,25,1,2,0,Low Risk,Thank You Message,"Hi Customer 10373, Thank you for being a valued Swiggy customer."
10374,50,2,3,307,67,1,7,1,High Risk,20% Discount Coupon,"Hi Customer 10374, We miss you! Enjoy a 20% discount coupon on your next Swiggy order."
10375,25,0,8,999,81,1,2,0,Low Risk,Thank You Message,"Hi Customer 10375, Thank you for being a valued Swiggy customer."
10376,22,2,5,1437,54,0,3,0,Low Risk,Thank You Message,"Hi Customer 10376, Thank you for being a valued Swiggy customer."
10377,56,1,1,121,5,0,7,0,Low Risk,Thank You Message,"Hi Customer 10377, Thank you for being a valued Swiggy customer."
10378,21,1,16,509,34,1,0,0,Low Risk,Thank You Message,"Hi Customer 10378, Thank you for being a valued Swiggy customer."
10379,23,3,4,994,21,1,5,0,Low Risk,Thank You Message,"Hi Customer 10379, Thank you for being a valued Swiggy customer."
10380,49,1,5,614,42,0,0,0,Low Risk,Thank You Message,"Hi Customer 10380, Thank you for being a valued Swiggy customer."
10381,47,1,11,1250,14,0,0,0,Low Risk,Thank You Message,"Hi Customer 10381, Thank you for being a valued Swiggy customer."
10382,52,1,9,908,85,0,7,0,Low Risk,Thank You Message,"Hi Customer 10382, Thank you for being a valued Swiggy customer."
10383,57,0,5,973,59,1,3,0,Low Risk,Thank You Message,"Hi Customer 10383, Thank you for being a valued Swiggy customer."
10384,33,1,7,113,11,0,0,0,Low Risk,Thank You Message,"Hi Customer 10384, Thank you for being a valued Swiggy customer."
10385,30,1,1,1070,48,1,9,1,High Risk,20% Discount Coupon,"Hi Customer 10385, We miss you! Enjoy a 20% discount coupon on your next Swiggy order."
10386,59,3,11,1077,41,1,6,0,Low Risk,Thank You Message,"Hi Customer 10386, Thank you for being a valued Swiggy customer."
10387,47,1,12,1113,37,0,4,0,Low Risk,Thank You Message,"Hi Customer 10387, Thank you for being a valued Swiggy customer."
10388,36,1,6,1135,81,1,4,0,Low Risk,Thank You Message,"Hi Customer 10388, Thank you for being a valued Swiggy customer."
10389,34,2,9,186,44,1,0,0,Low Risk,Thank You Message,"Hi Customer 10389, Thank you for being a valued Swiggy customer."
10390,36,3,12,1008,34,1,9,0,Low Risk,Thank You Message,"Hi Customer 10390, Thank you for being a valued Swiggy customer."
10391,45,3,16,1424,29,1,5,0,Low Risk,Thank You Message,"Hi Customer 10391, Thank you for being a valued Swiggy customer."
10392,43,3,13,1366,87,0,8,0,Low Risk,Thank You Message,"Hi Customer 10392, Thank you for being a valued Swiggy customer."
10393,54,3,1,221,29,0,8,0,Low Risk,Thank You Message,"Hi Customer 10393, Thank you for being a valued Swiggy customer."
10394,43,3,10,1270,77,1,7,0,Low Risk,Thank You Message,"Hi Customer 10394, Thank you for being a valued Swiggy customer."
10395,40,3,0,849,5,1,4,0,Low Risk,Thank You Message,"Hi Customer 10395, Thank you for being a valued Swiggy customer."
10396,26,0,18,1479,66,0,0,0,Low Risk,Thank You Message,"Hi Customer 10396, Thank you for being a valued Swiggy customer."
10397,29,1,3,784,79,1,8,1,High Risk,20% Discount Coupon,"Hi Customer 10397, We miss you! Enjoy a 20% discount coupon on your next Swiggy order."
10398,18,3,18,408,6,0,0,0,Low Risk,Thank You Message,"Hi Customer 10398, Thank you for being a valued Swiggy customer."
10399,18,1,10,794,51,1,7,0,Low Risk,Thank You Message,"Hi Customer 10399, Thank you for being a valued Swiggy customer."
10400,51,1,7,387,13,1,4,0,Low Risk,Thank You Message,"Hi Customer 10400, Thank you for being a valued Swiggy customer."
10401,49,0,10,406,72,0,2,0,Low Risk,Thank You Message,"Hi Customer 10401, Thank you for being a valued Swiggy customer."
10402,42,3,3,1013,14,0,6,0,Low Risk,Thank You Message,"Hi Customer 10402, Thank you for being a valued Swiggy customer."
10403,57,2,16,761,20,0,6,0,Low Risk,Thank You Message,"Hi Customer 10403, Thank you for being a valued Swiggy customer."
10404,18,0,6,648,34,0,8,0,Low Risk,Thank You Message,"Hi Customer 10404, Thank you for being a valued Swiggy customer."
10405,33,2,7,1475,65,1,6,0,Low Risk,Thank You Message,"Hi Customer 10405, Thank you for being a valued Swiggy customer."
10406,56,1,2,411,1,0,2,0,Low Risk,Thank You Message,"Hi Customer 10406, Thank you for being a valued Swiggy customer."
10407,22,1,1,972,34,1,0,0,Low Risk,Thank You Message,"Hi Customer 10407, Thank you for being a valued Swiggy customer."
10408,39,0,14,1182,81,0,7,0,Low Risk,Thank You Message,"Hi Customer 10408, Thank you for being a valued Swiggy customer."
10409,46,0,4,1023,77,0,2,1,High Risk,20% Discount Coupon,"Hi Customer 10409, We miss you! Enjoy a 20% discount coupon on your next Swiggy order."
10410,20,2,0,854,19,1,7,0,Low Risk,Thank You Message,"Hi Customer 10410, Thank you for being a valued Swiggy customer."
10411,29,3,3,134,81,0,7,1,High Risk,20% Discount Coupon,"Hi Customer 10411, We miss you! Enjoy a 20% discount coupon on your next Swiggy order."
10412,43,2,14,544,9,0,4,0,Low Risk,Thank You Message,"Hi Customer 10412, Thank you for being a valued Swiggy customer."
10413,33,0,19,192,24,0,0,0,Low Risk,Thank You Message,"Hi Customer 10413, Thank you for being a valued Swiggy customer."
10414,54,2,18,1330,65,0,9,0,Low Risk,Thank You Message,"Hi Customer 10414, Thank you for being a valued Swiggy customer."
10415,39,0,2,452,24,1,6,0,Low Risk,Thank You Message,"Hi Customer 10415, Thank you for being a valued Swiggy customer."
10416,46,2,19,1002,53,1,9,0,Low Risk,Thank You Message,"Hi Customer 10416, Thank you for being a valued Swiggy customer."
10417,31,0,10,1455,32,0,4,0,Low Risk,Thank You Message,"Hi Customer 10417, Thank you for being a valued Swiggy customer."
10418,45,0,16,961,35,0,7,0,Low Risk,Thank You Message,"Hi Customer 10418, Thank you for being a valued Swiggy customer."
10419,22,0,12,258,13,0,8,0,Low Risk,Thank You Message,"Hi Customer 10419, Thank you for being a valued Swiggy customer."
10420,47,3,10,1056,64,1,6,0,Low Risk,Thank You Message,"Hi Customer 10420, Thank you for being a valued Swiggy customer."
10421,22,2,1,123,79,1,6,1,High Risk,20% Discount Coupon,"Hi Customer 10421, We miss you! Enjoy a 20% discount coupon on your next Swiggy order."
10422,29,2,8,503,53,1,0,0,Low Risk,Thank You Message,"Hi Customer 10422, Thank you for being a valued Swiggy customer."
10423,33,2,1,904,51,1,3,1,High Risk,20% Discount Coupon,"Hi Customer 10423, We miss you! Enjoy a 20% discount coupon on your next Swiggy order."
10424,43,0,8,615,2,0,1,0,Low Risk,Thank You Message,"Hi Customer 10424, Thank you for being a valued Swiggy customer."
10425,43,2,8,831,40,0,1,0,Low Risk,Thank You Message,"Hi Customer 10425, Thank you for being a valued Swiggy customer."
10426,38,2,7,1487,5,0,1,0,Low Risk,Thank You Message,"Hi Customer 10426, Thank you for being a valued Swiggy customer."
10427,56,0,16,631,24,1,3,0,Low Risk,Thank You Message,"Hi Customer 10427, Thank you for being a valued Swiggy customer."
10428,53,1,0,1055,12,0,0,0,Low Risk,Thank You Message,"Hi Customer 10428, Thank you for being a valued Swiggy customer."
10429,50,0,10,251,7,1,3,0,Low Risk,Thank You Message,"Hi Customer 10429, Thank you for being a valued Swiggy customer."
10430,47,2,7,1046,20,1,1,0,Low Risk,Thank You Message,"Hi Customer 10430, Thank you for being a valued Swiggy customer."
10431,54,0,9,707,67,0,4,0,Low Risk,Thank You Message,"Hi Customer 10431, Thank you for being a valued Swiggy customer."
10432,40,1,6,519,24,0,2,0,Low Risk,Thank You Message,"Hi Customer 10432, Thank you for being a valued Swiggy customer."
10433,27,0,2,1373,78,0,7,1,High Risk,20% Discount Coupon,"Hi Customer 10433, We miss you! Enjoy a 20% discount coupon on your next Swiggy order."
10434,22,2,2,1240,67,1,3,1,High Risk,20% Discount Coupon,"Hi Customer 10434, We miss you! Enjoy a 20% discount coupon on your next Swiggy order."
10435,53,1,17,965,44,1,0,0,Low Risk,Thank You Message,"Hi Customer 10435, Thank you for being a valued Swiggy customer."
10436,51,3,4,677,59,0,0,1,High Risk,20% Discount Coupon,"Hi Customer 10436, We miss you! Enjoy a 20% discount coupon on your next Swiggy order."
10437,48,2,11,434,11,0,9,0,Low Risk,Thank You Message,"Hi Customer 10437, Thank you for being a valued Swiggy customer."
10438,27,1,11,1031,31,1,2,0,Low Risk,Thank You Message,"Hi Customer 10438, Thank you for being a valued Swiggy customer."
10439,36,1,18,394,12,0,8,0,Low Risk,Thank You Message,"Hi Customer 10439, Thank you for being a valued Swiggy customer."
10440,49,3,5,854,30,1,6,0,Low Risk,Thank You Message,"Hi Customer 10440, Thank you for being a valued Swiggy customer."
10441,18,0,1,1494,77,1,1,1,High Risk,20% Discount Coupon,"Hi Customer 10441, We miss you! Enjoy a 20% discount coupon on your next Swiggy order."
10442,22,0,11,285,19,0,8,0,Low Risk,Thank You Message,"Hi Customer 10442, Thank you for being a valued Swiggy customer."
10443,21,2,18,1369,17,0,9,0,Low Risk,Thank You Message,"Hi Customer 10443, Thank you for being a valued Swiggy customer."
10444,33,3,4,736,59,0,1,1,High Risk,20% Discount Coupon,"Hi Customer 10444, We miss you! Enjoy a 20% discount coupon on your next Swiggy order."
10445,41,0,11,1391,62,0,2,0,Low Risk,Thank You Message,"Hi Customer 10445, Thank you for being a valued Swiggy customer."
10446,33,3,16,1360,5,1,9,0,Low Risk,Thank You Message,"Hi Customer 10446, Thank you for being a valued Swiggy customer."
10447,19,0,16,629,31,1,1,0,Low Risk,Thank You Message,"Hi Customer 10447, Thank you for being a valued Swiggy customer."
10448,45,1,9,120,42,1,2,0,Low Risk,Thank You Message,"Hi Customer 10448, Thank you for being a valued Swiggy customer."
10449,49,0,16,1010,1,0,5,0,Low Risk,Thank You Message,"Hi Customer 10449, Thank you for being a valued Swiggy customer."
10450,44,3,14,966,59,1,8,0,Low Risk,Thank You Message,"Hi Customer 10450, Thank you for being a valued Swiggy customer."
10451,37,1,11,893,22,0,8,0,Low Risk,Thank You Message,"Hi Customer 10451, Thank you for being a valued Swiggy customer."
10452,41,1,15,199,82,0,6,0,Low Risk,Thank You Message,"Hi Customer 10452, Thank you for being a valued Swiggy customer."
10453,29,1,18,851,30,0,2,0,Low Risk,Thank You Message,"Hi Customer 10453, Thank you for being a valued Swiggy customer."
10454,52,3,7,577,4,0,3,0,Low Risk,Thank You Message,"Hi Customer 10454, Thank you for being a valued Swiggy customer."
10455,50,2,16,1421,82,0,5,0,Low Risk,Thank You Message,"Hi Customer 10455, Thank you for being a valued Swiggy customer."
10456,50,2,4,1039,33,0,4,0,Low Risk,Thank You Message,"Hi Customer 10456, Thank you for being a valued Swiggy customer."
10457,54,2,15,625,9,1,1,0,Low Risk,Thank You Message,"Hi Customer 10457, Thank you for being a valued Swiggy customer."
10458,29,3,5,433,88,0,5,0,Low Risk,Thank You Message,"Hi Customer 10458, Thank you for being a valued Swiggy customer."
10459,20,1,7,101,1,1,2,0,Low Risk,Thank You Message,"Hi Customer 10459, Thank you for being a valued Swiggy customer."
10460,18,2,17,474,10,1,7,0,Low Risk,Thank You Message,"Hi Customer 10460, Thank you for being a valued Swiggy customer."
10461,50,3,11,392,49,0,1,0,Low Risk,Thank You Message,"Hi Customer 10461, Thank you for being a valued Swiggy customer."
10462,57,2,14,936,30,0,0,0,Low Risk,Thank You Message,"Hi Customer 10462, Thank you for being a valued Swiggy customer."
10463,27,0,8,1104,55,0,8,0,Low Risk,Thank You Message,"Hi Customer 10463, Thank you for being a valued Swiggy customer."
10464,46,2,12,652,78,1,2,0,Low Risk,Thank You Message,"Hi Customer 10464, Thank you for being a valued Swiggy customer."
10465,30,2,14,417,72,0,0,0,Low Risk,Thank You Message,"Hi Customer 10465, Thank you for being a valued Swiggy customer."
10466,29,1,9,480,86,1,6,0,Low Risk,Thank You Message,"Hi Customer 10466, Thank you for being a valued Swiggy customer."
10467,48,3,15,113,82,0,9,0,Low Risk,Thank You Message,"Hi Customer 10467, Thank you for being a valued Swiggy customer."
10468,19,1,6,603,8,0,4,0,Low Risk,Thank You Message,"Hi Customer 10468, Thank you for being a valued Swiggy customer."
10469,52,1,16,330,20,1,4,0,Low Risk,Thank You Message,"Hi Customer 10469, Thank you for being a valued Swiggy customer."
10470,40,1,6,1207,72,1,0,0,Low Risk,Thank You Message,"Hi Customer 10470, Thank you for being a valued Swiggy customer."
10471,34,1,13,229,27,0,8,0,Low Risk,Thank You Message,"Hi Customer 10471, Thank you for being a valued Swiggy customer."
10472,43,1,14,937,61,1,6,0,Low Risk,Thank You Message,"Hi Customer 10472, Thank you for being a valued Swiggy customer."
10473,25,2,6,1268,6,1,7,0,Low Risk,Thank You Message,"Hi Customer 10473, Thank you for being a valued Swiggy customer."
10474,46,1,8,990,79,1,8,0,Low Risk,Thank You Message,"Hi Customer 10474, Thank you for being a valued Swiggy customer."
10475,43,1,18,127,15,1,5,0,Low Risk,Thank You Message,"Hi Customer 10475, Thank you for being a valued Swiggy customer."
10476,27,3,15,165,3,1,4,0,Low Risk,Thank You Message,"Hi Customer 10476, Thank you for being a valued Swiggy customer."
10477,43,0,7,1286,3,0,5,0,Low Risk,Thank You Message,"Hi Customer 10477, Thank you for being a valued Swiggy customer."
10478,51,2,17,1352,39,0,1,0,Low Risk,Thank You Message,"Hi Customer 10478, Thank you for being a valued Swiggy customer."
10479,58,2,17,360,16,1,3,0,Low Risk,Thank You Message,"Hi Customer 10479, Thank you for being a valued Swiggy customer."
10480,24,2,19,559,51,0,2,0,Low Risk,Thank You Message,"Hi Customer 10480, Thank you for being a valued Swiggy customer."
10481,21,1,6,400,51,0,6,0,Low Risk,Thank You Message,"Hi Customer 10481, Thank you for being a valued Swiggy customer."
10482,28,1,2,1018,35,1,8,0,Low Risk,Thank You Message,"Hi Customer 10482, Thank you for being a valued Swiggy customer."
10483,46,1,17,1426,37,0,4,0,Low Risk,Thank You Message,"Hi Customer 10483, Thank you for being a valued Swiggy customer."
10484,53,3,9,386,49,1,5,0,Low Risk,Thank You Message,"Hi Customer 10484, Thank you for being a valued Swiggy customer."
10485,42,0,6,1133,62,1,9,0,Low Risk,Thank You Message,"Hi Customer 10485, Thank you for being a valued Swiggy customer."
10486,38,1,16,729,62,0,1,0,Low Risk,Thank You Message,"Hi Customer 10486, Thank you for being a valued Swiggy customer."
10487,53,0,13,369,61,1,2,0,Low Risk,Thank You Message,"Hi Customer 10487, Thank you for being a valued Swiggy customer."
10488,27,3,2,691,6,1,2,0,Low Risk,Thank You Message,"Hi Customer 10488, Thank you for being a valued Swiggy customer."
10489,54,2,11,943,26,1,8,0,Low Risk,Thank You Message,"Hi Customer 10489, Thank you for being a valued Swiggy customer."
10490,26,1,12,961,85,1,6,0,Low Risk,Thank You Message,"Hi Customer 10490, Thank you for being a valued Swiggy customer."
10491,41,0,1,1484,13,1,7,0,Low Risk,Thank You Message,"Hi Customer 10491, Thank you for being a valued Swiggy customer."
10492,52,0,2,1380,70,0,9,1,High Risk,20% Discount Coupon,"Hi Customer 10492, We miss you! Enjoy a 20% discount coupon on your next Swiggy order."
10493,52,1,4,232,85,0,8,1,High Risk,20% Discount Coupon,"Hi Customer 10493, We miss you! Enjoy a 20% discount coupon on your next Swiggy order."
10494,53,2,10,1399,4,1,5,0,Low Risk,Thank You Message,"Hi Customer 10494, Thank you for being a valued Swiggy customer."
10495,35,2,7,1071,54,1,3,0,Low Risk,Thank You Message,"Hi Customer 10495, Thank you for being a valued Swiggy customer."
10496,56,2,11,612,1,0,0,0,Low Risk,Thank You Message,"Hi Customer 10496, Thank you for being a valued Swiggy customer."
10497,49,3,6,412,61,1,7,0,Low Risk,Thank You Message,"Hi Customer 10497, Thank you for being a valued Swiggy customer."
10498,41,0,14,675,20,0,6,0,Low Risk,Thank You Message,"Hi Customer 10498, Thank you for being a valued Swiggy customer."
10499,40,0,16,985,78,1,1,0,Low Risk,Thank You Message,"Hi Customer 10499, Thank you for being a valued Swiggy customer."
10500,49,0,3,1407,20,1,7,0,Low Risk,Thank You Message,"Hi Customer 10500, Thank you for being a valued Swiggy customer."
